--
-- PostgreSQL database dump
--

-- Dumped from database version 15.13
-- Dumped by pg_dump version 15.13

-- Started on 2025-08-08 15:34:02

SET statement_timeout = 0;
SET lock_timeout = 0;
SET idle_in_transaction_session_timeout = 0;
SET client_encoding = 'UTF8';
SET standard_conforming_strings = on;
SELECT pg_catalog.set_config('search_path', '', false);
SET check_function_bodies = false;
SET xmloption = content;
SET client_min_messages = warning;
SET row_security = off;

--
-- TOC entry 2 (class 3079 OID 16384)
-- Name: adminpack; Type: EXTENSION; Schema: -; Owner: -
--

CREATE EXTENSION IF NOT EXISTS adminpack WITH SCHEMA pg_catalog;


--
-- TOC entry 3365 (class 0 OID 0)
-- Dependencies: 2
-- Name: EXTENSION adminpack; Type: COMMENT; Schema: -; Owner: 
--

COMMENT ON EXTENSION adminpack IS 'administrative functions for PostgreSQL';


SET default_tablespace = '';

SET default_table_access_method = heap;

--
-- TOC entry 218 (class 1259 OID 16449)
-- Name: devices; Type: TABLE; Schema: public; Owner: postgres
--

CREATE TABLE public.devices (
    id bigint NOT NULL,
    device_model character varying(255),
    device_name character varying(255),
    device_uid character varying(255) NOT NULL,
    active boolean
);


ALTER TABLE public.devices OWNER TO postgres;

--
-- TOC entry 217 (class 1259 OID 16448)
-- Name: devices_id_seq; Type: SEQUENCE; Schema: public; Owner: postgres
--

ALTER TABLE public.devices ALTER COLUMN id ADD GENERATED BY DEFAULT AS IDENTITY (
    SEQUENCE NAME public.devices_id_seq
    START WITH 1
    INCREMENT BY 1
    NO MINVALUE
    NO MAXVALUE
    CACHE 1
);


--
-- TOC entry 220 (class 1259 OID 16537)
-- Name: room; Type: TABLE; Schema: public; Owner: postgres
--

CREATE TABLE public.room (
    id bigint NOT NULL,
    name character varying(255) NOT NULL
);


ALTER TABLE public.room OWNER TO postgres;

--
-- TOC entry 219 (class 1259 OID 16536)
-- Name: room_id_seq; Type: SEQUENCE; Schema: public; Owner: postgres
--

CREATE SEQUENCE public.room_id_seq
    AS integer
    START WITH 1
    INCREMENT BY 1
    NO MINVALUE
    NO MAXVALUE
    CACHE 1;


ALTER TABLE public.room_id_seq OWNER TO postgres;

--
-- TOC entry 3366 (class 0 OID 0)
-- Dependencies: 219
-- Name: room_id_seq; Type: SEQUENCE OWNED BY; Schema: public; Owner: postgres
--

ALTER SEQUENCE public.room_id_seq OWNED BY public.room.id;


--
-- TOC entry 222 (class 1259 OID 16568)
-- Name: user_devices; Type: TABLE; Schema: public; Owner: postgres
--

CREATE TABLE public.user_devices (
    id bigint NOT NULL,
    assigned_name character varying(255),
    device_id bigint,
    user_id integer,
    room_id bigint,
    active boolean DEFAULT true
);


ALTER TABLE public.user_devices OWNER TO postgres;

--
-- TOC entry 221 (class 1259 OID 16567)
-- Name: user_devices_id_seq; Type: SEQUENCE; Schema: public; Owner: postgres
--

CREATE SEQUENCE public.user_devices_id_seq
    START WITH 1
    INCREMENT BY 1
    NO MINVALUE
    NO MAXVALUE
    CACHE 1;


ALTER TABLE public.user_devices_id_seq OWNER TO postgres;

--
-- TOC entry 3367 (class 0 OID 0)
-- Dependencies: 221
-- Name: user_devices_id_seq; Type: SEQUENCE OWNED BY; Schema: public; Owner: postgres
--

ALTER SEQUENCE public.user_devices_id_seq OWNED BY public.user_devices.id;


--
-- TOC entry 216 (class 1259 OID 16438)
-- Name: users; Type: TABLE; Schema: public; Owner: postgres
--

CREATE TABLE public.users (
    id integer NOT NULL,
    first_name character varying(255),
    last_name character varying(255),
    email character varying(255) NOT NULL,
    password character varying(255) NOT NULL,
    active boolean
);


ALTER TABLE public.users OWNER TO postgres;

--
-- TOC entry 215 (class 1259 OID 16437)
-- Name: users_id_seq; Type: SEQUENCE; Schema: public; Owner: postgres
--

CREATE SEQUENCE public.users_id_seq
    AS integer
    START WITH 1
    INCREMENT BY 1
    NO MINVALUE
    NO MAXVALUE
    CACHE 1;


ALTER TABLE public.users_id_seq OWNER TO postgres;

--
-- TOC entry 3368 (class 0 OID 0)
-- Dependencies: 215
-- Name: users_id_seq; Type: SEQUENCE OWNED BY; Schema: public; Owner: postgres
--

ALTER SEQUENCE public.users_id_seq OWNED BY public.users.id;


--
-- TOC entry 3190 (class 2604 OID 16550)
-- Name: room id; Type: DEFAULT; Schema: public; Owner: postgres
--

ALTER TABLE ONLY public.room ALTER COLUMN id SET DEFAULT nextval('public.room_id_seq'::regclass);


--
-- TOC entry 3191 (class 2604 OID 16571)
-- Name: user_devices id; Type: DEFAULT; Schema: public; Owner: postgres
--

ALTER TABLE ONLY public.user_devices ALTER COLUMN id SET DEFAULT nextval('public.user_devices_id_seq'::regclass);


--
-- TOC entry 3189 (class 2604 OID 16441)
-- Name: users id; Type: DEFAULT; Schema: public; Owner: postgres
--

ALTER TABLE ONLY public.users ALTER COLUMN id SET DEFAULT nextval('public.users_id_seq'::regclass);


--
-- TOC entry 3355 (class 0 OID 16449)
-- Dependencies: 218
-- Data for Name: devices; Type: TABLE DATA; Schema: public; Owner: postgres
--

COPY public.devices (id, device_model, device_name, device_uid, active) FROM stdin;
77	RFID	RFID Reader	RFID-001	t
78	LED-White	White LED	LED-001	t
79	LED-Red	Red LED	LED-002	t
80	LED-Blue	Blue LED	LED-003	t
81	LED-Yellow	Yellow LED	LED-004	t
82	BUZZER	Buzzer	BUZ-001	t
83	SERVO-1	Servo Motor 1	SERVO-001	t
84	SERVO-2	Servo Motor 2	SERVO-002	t
85	DHT11	Temp & Humidity	DHT11-001	t
\.


--
-- TOC entry 3357 (class 0 OID 16537)
-- Dependencies: 220
-- Data for Name: room; Type: TABLE DATA; Schema: public; Owner: postgres
--

COPY public.room (id, name) FROM stdin;
85	Salon
86	Mutfak
87	Yatak Odası 1
88	Yatak Odası 2
89	Banyo
90	Çocuk Odası
91	Misafir Odası
92	Ofis
93	Koridor
\.


--
-- TOC entry 3359 (class 0 OID 16568)
-- Dependencies: 222
-- Data for Name: user_devices; Type: TABLE DATA; Schema: public; Owner: postgres
--

COPY public.user_devices (id, assigned_name, device_id, user_id, room_id, active) FROM stdin;
20	Salon Kartı	77	1	85	t
21	Mutfak Kartı	77	1	86	t
22	Yatak Odası Beyaz Led	78	1	87	t
23	Yatak Odası Kırmızı Led	79	1	88	t
24	Banyo Mavi Lamba	80	1	89	t
25	Çocuk Odası Sarı Lamba	81	1	90	t
26	Misafir Odası Alarm	82	1	91	t
27	Ofis Alarm	82	1	92	t
28	Ofis Kapısı	83	1	92	t
29	Yatak Odası Kapı	84	1	87	t
30	Salon Sıcaklık	85	1	85	t
31	Mutfak Sıcaklık	85	1	86	t
\.


--
-- TOC entry 3353 (class 0 OID 16438)
-- Dependencies: 216
-- Data for Name: users; Type: TABLE DATA; Schema: public; Owner: postgres
--

COPY public.users (id, first_name, last_name, email, password, active) FROM stdin;
1	Mustafa	ÇETİN	mc.cetin.mustafa@gmail.com	Kek.1903	t
4	Abbas Can	YILDIZ	canylddz0@gmail.com	Abbas.1905	f
5	Abbas Can	YILDIZ	canylddz01@gmail.com	Abbas.1905	t
6	Sergen	YALÇIN	sergen.yalcin@gmail.com	Beşiktaş.1903	t
\.


--
-- TOC entry 3369 (class 0 OID 0)
-- Dependencies: 217
-- Name: devices_id_seq; Type: SEQUENCE SET; Schema: public; Owner: postgres
--

SELECT pg_catalog.setval('public.devices_id_seq', 85, true);


--
-- TOC entry 3370 (class 0 OID 0)
-- Dependencies: 219
-- Name: room_id_seq; Type: SEQUENCE SET; Schema: public; Owner: postgres
--

SELECT pg_catalog.setval('public.room_id_seq', 93, true);


--
-- TOC entry 3371 (class 0 OID 0)
-- Dependencies: 221
-- Name: user_devices_id_seq; Type: SEQUENCE SET; Schema: public; Owner: postgres
--

SELECT pg_catalog.setval('public.user_devices_id_seq', 31, true);


--
-- TOC entry 3372 (class 0 OID 0)
-- Dependencies: 215
-- Name: users_id_seq; Type: SEQUENCE SET; Schema: public; Owner: postgres
--

SELECT pg_catalog.setval('public.users_id_seq', 6, true);


--
-- TOC entry 3198 (class 2606 OID 16455)
-- Name: devices devices_pkey; Type: CONSTRAINT; Schema: public; Owner: postgres
--

ALTER TABLE ONLY public.devices
    ADD CONSTRAINT devices_pkey PRIMARY KEY (id);


--
-- TOC entry 3202 (class 2606 OID 16544)
-- Name: room room_name_key; Type: CONSTRAINT; Schema: public; Owner: postgres
--

ALTER TABLE ONLY public.room
    ADD CONSTRAINT room_name_key UNIQUE (name);


--
-- TOC entry 3204 (class 2606 OID 16552)
-- Name: room room_pkey; Type: CONSTRAINT; Schema: public; Owner: postgres
--

ALTER TABLE ONLY public.room
    ADD CONSTRAINT room_pkey PRIMARY KEY (id);


--
-- TOC entry 3200 (class 2606 OID 16465)
-- Name: devices ukjb0tk7mjqovv70vdodi1dycmm; Type: CONSTRAINT; Schema: public; Owner: postgres
--

ALTER TABLE ONLY public.devices
    ADD CONSTRAINT ukjb0tk7mjqovv70vdodi1dycmm UNIQUE (device_uid);


--
-- TOC entry 3206 (class 2606 OID 16574)
-- Name: user_devices user_devices_pkey; Type: CONSTRAINT; Schema: public; Owner: postgres
--

ALTER TABLE ONLY public.user_devices
    ADD CONSTRAINT user_devices_pkey PRIMARY KEY (id);


--
-- TOC entry 3194 (class 2606 OID 16463)
-- Name: users users_email_key; Type: CONSTRAINT; Schema: public; Owner: postgres
--

ALTER TABLE ONLY public.users
    ADD CONSTRAINT users_email_key UNIQUE (email);


--
-- TOC entry 3196 (class 2606 OID 16445)
-- Name: users users_pkey; Type: CONSTRAINT; Schema: public; Owner: postgres
--

ALTER TABLE ONLY public.users
    ADD CONSTRAINT users_pkey PRIMARY KEY (id);


--
-- TOC entry 3207 (class 2606 OID 16626)
-- Name: user_devices fk_user_devices_room; Type: FK CONSTRAINT; Schema: public; Owner: postgres
--

ALTER TABLE ONLY public.user_devices
    ADD CONSTRAINT fk_user_devices_room FOREIGN KEY (room_id) REFERENCES public.room(id) ON DELETE SET NULL;


--
-- TOC entry 3208 (class 2606 OID 16575)
-- Name: user_devices user_devices_device_id_fkey; Type: FK CONSTRAINT; Schema: public; Owner: postgres
--

ALTER TABLE ONLY public.user_devices
    ADD CONSTRAINT user_devices_device_id_fkey FOREIGN KEY (device_id) REFERENCES public.devices(id);


--
-- TOC entry 3209 (class 2606 OID 16580)
-- Name: user_devices user_devices_user_id_fkey; Type: FK CONSTRAINT; Schema: public; Owner: postgres
--

ALTER TABLE ONLY public.user_devices
    ADD CONSTRAINT user_devices_user_id_fkey FOREIGN KEY (user_id) REFERENCES public.users(id);


-- Completed on 2025-08-08 15:34:02

--
-- PostgreSQL database dump complete
--

