--
-- PostgreSQL database dump
--

-- Dumped from database version 15.13
-- Dumped by pg_dump version 15.13

-- Started on 2025-08-12 14:44:20

SET statement_timeout = 0;
SET lock_timeout = 0;
SET idle_in_transaction_session_timeout = 0;
SET client_encoding = 'UTF8';
SET standard_conforming_strings = on;
SELECT pg_catalog.set_config('search_path', '', false);
SET check_function_bodies = false;
SET xmloption = content;
SET client_min_messages = warning;
SET row_security = off;

--
-- TOC entry 2 (class 3079 OID 16384)
-- Name: adminpack; Type: EXTENSION; Schema: -; Owner: -
--

CREATE EXTENSION IF NOT EXISTS adminpack WITH SCHEMA pg_catalog;


--
-- TOC entry 3368 (class 0 OID 0)
-- Dependencies: 2
-- Name: EXTENSION adminpack; Type: COMMENT; Schema: -; Owner: 
--

COMMENT ON EXTENSION adminpack IS 'administrative functions for PostgreSQL';


SET default_tablespace = '';

SET default_table_access_method = heap;

--
-- TOC entry 218 (class 1259 OID 16449)
-- Name: devices; Type: TABLE; Schema: public; Owner: postgres
--

CREATE TABLE public.devices (
    id bigint NOT NULL,
    device_model character varying(255),
    device_name character varying(255),
    device_uid character varying(255) NOT NULL,
    active boolean
);


ALTER TABLE public.devices OWNER TO postgres;

--
-- TOC entry 217 (class 1259 OID 16448)
-- Name: devices_id_seq; Type: SEQUENCE; Schema: public; Owner: postgres
--

ALTER TABLE public.devices ALTER COLUMN id ADD GENERATED BY DEFAULT AS IDENTITY (
    SEQUENCE NAME public.devices_id_seq
    START WITH 1
    INCREMENT BY 1
    NO MINVALUE
    NO MAXVALUE
    CACHE 1
);


--
-- TOC entry 220 (class 1259 OID 16568)
-- Name: user_devices; Type: TABLE; Schema: public; Owner: postgres
--

CREATE TABLE public.user_devices (
    id bigint NOT NULL,
    assigned_name character varying(255),
    device_id bigint,
    user_id integer,
    active boolean DEFAULT true,
    user_room_id bigint
);


ALTER TABLE public.user_devices OWNER TO postgres;

--
-- TOC entry 219 (class 1259 OID 16567)
-- Name: user_devices_id_seq; Type: SEQUENCE; Schema: public; Owner: postgres
--

CREATE SEQUENCE public.user_devices_id_seq
    START WITH 1
    INCREMENT BY 1
    NO MINVALUE
    NO MAXVALUE
    CACHE 1;


ALTER TABLE public.user_devices_id_seq OWNER TO postgres;

--
-- TOC entry 3369 (class 0 OID 0)
-- Dependencies: 219
-- Name: user_devices_id_seq; Type: SEQUENCE OWNED BY; Schema: public; Owner: postgres
--

ALTER SEQUENCE public.user_devices_id_seq OWNED BY public.user_devices.id;


--
-- TOC entry 222 (class 1259 OID 16653)
-- Name: user_room; Type: TABLE; Schema: public; Owner: postgres
--

CREATE TABLE public.user_room (
    id bigint NOT NULL,
    user_id integer NOT NULL,
    room_name character varying(255) NOT NULL,
    active boolean DEFAULT true NOT NULL
);


ALTER TABLE public.user_room OWNER TO postgres;

--
-- TOC entry 221 (class 1259 OID 16652)
-- Name: user_room_id_seq; Type: SEQUENCE; Schema: public; Owner: postgres
--

CREATE SEQUENCE public.user_room_id_seq
    START WITH 1
    INCREMENT BY 1
    NO MINVALUE
    NO MAXVALUE
    CACHE 1;


ALTER TABLE public.user_room_id_seq OWNER TO postgres;

--
-- TOC entry 3370 (class 0 OID 0)
-- Dependencies: 221
-- Name: user_room_id_seq; Type: SEQUENCE OWNED BY; Schema: public; Owner: postgres
--

ALTER SEQUENCE public.user_room_id_seq OWNED BY public.user_room.id;


--
-- TOC entry 216 (class 1259 OID 16438)
-- Name: users; Type: TABLE; Schema: public; Owner: postgres
--

CREATE TABLE public.users (
    id integer NOT NULL,
    first_name character varying(255),
    last_name character varying(255),
    email character varying(255) NOT NULL,
    password character varying(255) NOT NULL,
    active boolean
);


ALTER TABLE public.users OWNER TO postgres;

--
-- TOC entry 215 (class 1259 OID 16437)
-- Name: users_id_seq; Type: SEQUENCE; Schema: public; Owner: postgres
--

CREATE SEQUENCE public.users_id_seq
    AS integer
    START WITH 1
    INCREMENT BY 1
    NO MINVALUE
    NO MAXVALUE
    CACHE 1;


ALTER TABLE public.users_id_seq OWNER TO postgres;

--
-- TOC entry 3371 (class 0 OID 0)
-- Dependencies: 215
-- Name: users_id_seq; Type: SEQUENCE OWNED BY; Schema: public; Owner: postgres
--

ALTER SEQUENCE public.users_id_seq OWNED BY public.users.id;


--
-- TOC entry 3190 (class 2604 OID 16571)
-- Name: user_devices id; Type: DEFAULT; Schema: public; Owner: postgres
--

ALTER TABLE ONLY public.user_devices ALTER COLUMN id SET DEFAULT nextval('public.user_devices_id_seq'::regclass);


--
-- TOC entry 3192 (class 2604 OID 16656)
-- Name: user_room id; Type: DEFAULT; Schema: public; Owner: postgres
--

ALTER TABLE ONLY public.user_room ALTER COLUMN id SET DEFAULT nextval('public.user_room_id_seq'::regclass);


--
-- TOC entry 3189 (class 2604 OID 16441)
-- Name: users id; Type: DEFAULT; Schema: public; Owner: postgres
--

ALTER TABLE ONLY public.users ALTER COLUMN id SET DEFAULT nextval('public.users_id_seq'::regclass);


--
-- TOC entry 3358 (class 0 OID 16449)
-- Dependencies: 218
-- Data for Name: devices; Type: TABLE DATA; Schema: public; Owner: postgres
--

COPY public.devices (id, device_model, device_name, device_uid, active) FROM stdin;
110	Led-White	White LED	LED-005	t
116	RFID	RFID Reader	RFID-002	t
117	BUZZER	Buzzer	BUZ-002	t
118	SERVO-1	Servo Motor 1	SERVO-003	t
119	DHT11	Temp & Humidity	DHT11-002	t
97	Led-Red	Red LED	LED-002	t
98	Led-Blue	Blue RED	LED-003	t
99	RFID	RFID Reader	RFID-001	t
101	SERVO-1	Servo Motor 1	SERVO-001	t
102	SERVO-2	Servo Motor 2	SERVO-002	t
103	DHT11	Temp & Humidity	DHT11-001	t
96	Led-White	White LED	LED-001	t
100	BUZZER	Buzzer	BUZ-001	t
106	Led-White	White LED	LED-004	f
108	HY-SRF05	Ultrasonik Mesafe Sensörü	HY-001	f
109	HC-SR04	Ultrasonik Mesafe Sensörü	HC-001	f
\.


--
-- TOC entry 3360 (class 0 OID 16568)
-- Dependencies: 220
-- Data for Name: user_devices; Type: TABLE DATA; Schema: public; Owner: postgres
--

COPY public.user_devices (id, assigned_name, device_id, user_id, active, user_room_id) FROM stdin;
72		116	9	t	\N
73	Mutfak Kartı	116	9	t	28
74		117	9	t	\N
75	Oturma Odası Alarm	117	9	t	29
76		118	9	t	\N
77	Ofis 1 Kapı	118	9	t	30
78	Ofis 2 Kapı	118	9	t	31
79	Ofis 1 Sıcaklık & Nem	119	9	t	30
82	\N	96	1	t	\N
52	Salon Kapı Kartı	99	6	f	24
56		106	6	f	\N
59		109	6	f	\N
55	Fabrika 1 Lambası	96	6	f	25
58	Salon Hareket Algılama	108	6	f	24
81	Ofis 1 Lamba	96	1	t	19
83	\N	119	9	t	\N
80	Ofis 2 Sıcaklık & Nem	119	9	t	31
46	Çocuk Odası Lambası	98	1	t	17
45	Koridor Lambası	97	1	t	22
44	Misafir Odası Lambası	96	1	t	18
47	Ofis 2 Kartı	99	1	t	20
51	Salon Sıcaklık & Nem	103	1	t	11
48	Yatak Odası 3 Alarm	100	1	t	15
60	Misafir Odası Kartı	99	1	f	18
61	Ofis 1 Kapı	101	1	t	19
62	Ofis 2 Kapı	102	1	t	20
63	Ofis 3 Kapı	101	1	t	21
64	Ofis 4 Kapı	102	1	t	23
49	Ofis 3 Kapı	101	1	f	21
50	Ofis 4 Kapı	102	1	f	23
\.


--
-- TOC entry 3362 (class 0 OID 16653)
-- Dependencies: 222
-- Data for Name: user_room; Type: TABLE DATA; Schema: public; Owner: postgres
--

COPY public.user_room (id, user_id, room_name, active) FROM stdin;
11	1	Salon	t
12	1	Mutfak	t
13	1	Yatak Odası 1	t
14	1	Yatak Odası 2	t
15	1	Yatak Odası 3	t
16	1	Banyo	t
17	1	Çocuk Odası	t
18	1	Misafir Odası	t
19	1	Ofis 1	t
20	1	Ofis 2	t
21	1	Ofis 3	t
22	1	Koridor	t
23	1	Ofis 4	t
24	6	Salon	f
25	6	Fabrika 1	f
26	6	Fabrika 2	f
27	8	Salon	t
28	9	Mutfak	t
29	9	Oturma Odası	t
30	9	Ofis 1	t
31	9	Ofis 2	t
\.


--
-- TOC entry 3356 (class 0 OID 16438)
-- Dependencies: 216
-- Data for Name: users; Type: TABLE DATA; Schema: public; Owner: postgres
--

COPY public.users (id, first_name, last_name, email, password, active) FROM stdin;
1	Mustafa	ÇETİN	mc.cetin.mustafa@gmail.com	Kek.1903	t
4	Abbas Can	YILDIZ	canylddz0@gmail.com	Abbas.1905	f
5	Abbas Can	YILDIZ	canylddz01@gmail.com	Abbas.1905	t
6	Sergen	YALÇIN	sergen.yalcin@gmail.com	Beşiktaş.1903	f
7	Samet	BARUĞ	samet.barug@gmail.com	Akgun.1903	t
8	Mikail	BARUĞ	mikail.barug@gmail.com	Akgun.1903	t
9	Eren	TAŞ	eren.tas@gmail.com	Akgun.1903	t
\.


--
-- TOC entry 3372 (class 0 OID 0)
-- Dependencies: 217
-- Name: devices_id_seq; Type: SEQUENCE SET; Schema: public; Owner: postgres
--

SELECT pg_catalog.setval('public.devices_id_seq', 119, true);


--
-- TOC entry 3373 (class 0 OID 0)
-- Dependencies: 219
-- Name: user_devices_id_seq; Type: SEQUENCE SET; Schema: public; Owner: postgres
--

SELECT pg_catalog.setval('public.user_devices_id_seq', 83, true);


--
-- TOC entry 3374 (class 0 OID 0)
-- Dependencies: 221
-- Name: user_room_id_seq; Type: SEQUENCE SET; Schema: public; Owner: postgres
--

SELECT pg_catalog.setval('public.user_room_id_seq', 31, true);


--
-- TOC entry 3375 (class 0 OID 0)
-- Dependencies: 215
-- Name: users_id_seq; Type: SEQUENCE SET; Schema: public; Owner: postgres
--

SELECT pg_catalog.setval('public.users_id_seq', 9, true);


--
-- TOC entry 3199 (class 2606 OID 16455)
-- Name: devices devices_pkey; Type: CONSTRAINT; Schema: public; Owner: postgres
--

ALTER TABLE ONLY public.devices
    ADD CONSTRAINT devices_pkey PRIMARY KEY (id);


--
-- TOC entry 3201 (class 2606 OID 16465)
-- Name: devices ukjb0tk7mjqovv70vdodi1dycmm; Type: CONSTRAINT; Schema: public; Owner: postgres
--

ALTER TABLE ONLY public.devices
    ADD CONSTRAINT ukjb0tk7mjqovv70vdodi1dycmm UNIQUE (device_uid);


--
-- TOC entry 3206 (class 2606 OID 16661)
-- Name: user_room uq_user_room; Type: CONSTRAINT; Schema: public; Owner: postgres
--

ALTER TABLE ONLY public.user_room
    ADD CONSTRAINT uq_user_room UNIQUE (user_id, room_name);


--
-- TOC entry 3203 (class 2606 OID 16574)
-- Name: user_devices user_devices_pkey; Type: CONSTRAINT; Schema: public; Owner: postgres
--

ALTER TABLE ONLY public.user_devices
    ADD CONSTRAINT user_devices_pkey PRIMARY KEY (id);


--
-- TOC entry 3208 (class 2606 OID 16659)
-- Name: user_room user_room_pkey; Type: CONSTRAINT; Schema: public; Owner: postgres
--

ALTER TABLE ONLY public.user_room
    ADD CONSTRAINT user_room_pkey PRIMARY KEY (id);


--
-- TOC entry 3195 (class 2606 OID 16463)
-- Name: users users_email_key; Type: CONSTRAINT; Schema: public; Owner: postgres
--

ALTER TABLE ONLY public.users
    ADD CONSTRAINT users_email_key UNIQUE (email);


--
-- TOC entry 3197 (class 2606 OID 16445)
-- Name: users users_pkey; Type: CONSTRAINT; Schema: public; Owner: postgres
--

ALTER TABLE ONLY public.users
    ADD CONSTRAINT users_pkey PRIMARY KEY (id);


--
-- TOC entry 3204 (class 1259 OID 16667)
-- Name: idx_user_room_user_active; Type: INDEX; Schema: public; Owner: postgres
--

CREATE INDEX idx_user_room_user_active ON public.user_room USING btree (user_id, active);


--
-- TOC entry 3209 (class 2606 OID 16668)
-- Name: user_devices fk_user_devices_user_room; Type: FK CONSTRAINT; Schema: public; Owner: postgres
--

ALTER TABLE ONLY public.user_devices
    ADD CONSTRAINT fk_user_devices_user_room FOREIGN KEY (user_room_id) REFERENCES public.user_room(id) ON DELETE SET NULL;


--
-- TOC entry 3210 (class 2606 OID 16575)
-- Name: user_devices user_devices_device_id_fkey; Type: FK CONSTRAINT; Schema: public; Owner: postgres
--

ALTER TABLE ONLY public.user_devices
    ADD CONSTRAINT user_devices_device_id_fkey FOREIGN KEY (device_id) REFERENCES public.devices(id);


--
-- TOC entry 3211 (class 2606 OID 16580)
-- Name: user_devices user_devices_user_id_fkey; Type: FK CONSTRAINT; Schema: public; Owner: postgres
--

ALTER TABLE ONLY public.user_devices
    ADD CONSTRAINT user_devices_user_id_fkey FOREIGN KEY (user_id) REFERENCES public.users(id);


--
-- TOC entry 3212 (class 2606 OID 16662)
-- Name: user_room user_room_user_id_fkey; Type: FK CONSTRAINT; Schema: public; Owner: postgres
--

ALTER TABLE ONLY public.user_room
    ADD CONSTRAINT user_room_user_id_fkey FOREIGN KEY (user_id) REFERENCES public.users(id) ON DELETE CASCADE;


-- Completed on 2025-08-12 14:44:20

--
-- PostgreSQL database dump complete
--

